oSHT1,oSHT2
oSHT2,oSHT3
oSHT3,oSHT4
oSHT4,oSHT5
oSHT5,oSHT6
oSHT6,oSHT7
oSHT7,
oSHB1,oSHB2
oSHB2,oSHB3
oSHB3,oSHB4
oSHB4,oSHB5
oSHB5,
oSES1,oSES2
oSES2,oSES3
oSES3,oSES4
oSES4,oSES5
oSES5,oSES6
oSES6,oSES7
oSES7,oSES8
oSES8,oSES9
oSES9,oSES10
oSES10,oSES11
oSES11,oSES12
oSES12,oSES13
oSES13,oSES14
oSES14,oSES15
oSES15,oSES16
oSES16,oSES17
oSES17,oSES18
oSES18,oSES19
oSES19,oSES20
oSES20,oSES21
oSES21,oSES22
oSES22,oSES23
oSES23,oSES24
oSES24,oSES25
oSES25,oSES26
oSES26,oSES27
oSES27,oSES28
oSES28,oSES29
oSES29,oSES30
oSES30,oSES31
oSES31,oSES32
oSES32,oSES33
oSES33,oSES34
oSES34,oSES35
oSES35,oSES36
oSES36,oSES37
oSES37,oSES38
oSES38,oSES39
oSES39,oSES40
oSES40,oSES41
oSES41,oSES42
oSES42,oSES43
oSES43,oSES44
oSES44,oSES45
oSES45,oSES46
oSES46,oSES47
oSES47,oSES48
oSES48,oSES49
oSES49,oSES50
oSES50,oSES51
oSES51,oSES52
oSES52,oSES53
oSES53,oSES54
oSES54,oSES55
oSES55,oSES56
oSES56,oSES57
oSES57,oSES58
oSES58,oSES59
oSES59,oSES60
oSES60,oSES61
oSES61,oSES62
oSES62,oSES63
oSES63,oSES64
oSES64,oSES65
oSES65,oSES66
oSES66,oSES67
oSES67,oSES68
oSES68,oSES69
oSES69,oSES70
oSES70,oSES71
oSES71,oSES72
oSES72,oSES73
oSES73,oSES74
oSES74,oSES75
oSES75,oSES76
oSES76,oSES77
oSES77,oSES78
oSES78,oSES79
oSES79,oSES80
oSES80,oSES81
oSES81,oSES82
oSES82,oSES83
oSES83,oSES84
oSES84,
oSEB1,oSEB2
oSEB2,oSEB3
oSEB3,oSEB4
oSEB4,oSEB5
oSEB5,oSEB6
oSEB6,oSEB7
oSEB7,oSEB8
oSEB8,oSEB9
oSEB9,oSEB10
oSEB10,oSEB11
oSEB11,oSEB12
oSEB12,oSEB13
oSEB13,oSEB14
oSEB14,oSEB15
oSEB15,oSEB16
oSEB16,oSEB17
oSEB17,oSEB18
oSEB18,oSEB19
oSEB19,oSEB20
oSEB20,oSEB21
oSEB21,oSEB22
oSEB22,oSEB23
oSEB23,oSEB24
oSEB24,oSEB25
oSEB25,oSEB26
oSEB26,oSEB27
oSEB27,oSEB28
oSEB28,oSEB29
oSEB29,oSEB30
oSEB30,oSEB31
oSEB31,oSEB32
oSEB32,oSEB33
oSEB33,oSEB34
oSEB34,oSEB35
oSEB35,oSEB36
oSEB36,